{"cameraMode":{"drawMode":0,"name":"Shaded","section":"Shading Mode"},"sceneLighting":true,"audioPlay":false,"sceneViewState":{"showFog":true,"showMaterialUpdate":false,"showSkybox":true,"showFlares":true,"showImageEffects":true,"showParticleSystems":true},"in2DMode":false,"pivot":{"x":2.9052352905273439,"y":6.209896087646484,"z":19.146957397460939},"rotation":{"x":-0.10954661667346955,"y":-0.027730900794267656,"z":0.003057509195059538,"w":-0.9935901165008545},"size":41.13496017456055,"orthographic":false}